epoch,train_loss,val_loss,val_acc,sec
0,1.121283233165741,1.24044668674469,0.13725490196078433,0.3
1,1.131599560379982,1.2360882759094238,0.13725490196078433,0.3
2,1.0847552716732025,1.2120306491851807,0.1568627450980392,0.3
3,0.992606058716774,1.146191954612732,0.42483660130718953,0.3
4,0.9297739267349243,1.0485122203826904,0.42483660130718953,0.3
5,0.7650637254118919,0.8520936965942383,0.6013071895424836,0.3
6,0.6777439415454865,0.7246113419532776,0.6470588235294118,0.3
7,0.6388378813862801,0.5429815649986267,0.8823529411764706,0.3
8,0.5705369934439659,0.597356915473938,0.7058823529411765,0.3
9,0.5018642842769623,0.591701865196228,0.7647058823529411,0.3
10,0.3945045582950115,0.4641914367675781,0.8431372549019608,0.3
11,0.41511065512895584,0.33722013235092163,0.9215686274509803,0.3
12,0.3618556782603264,0.35148006677627563,0.9084967320261438,0.3
13,0.31161135993897915,0.34871524572372437,0.8758169934640523,0.3
14,0.2991356458514929,0.3091834485530853,0.9019607843137255,0.3
15,0.22765954583883286,0.40718960762023926,0.8627450980392157,0.3
16,0.2341583650559187,0.36686211824417114,0.8888888888888888,0.3
17,0.2594951391220093,0.27092570066452026,0.934640522875817,0.3
18,0.20649120025336742,0.30497223138809204,0.9150326797385621,0.3
19,0.1816144958138466,0.32728642225265503,0.9019607843137255,0.3
20,0.22540615499019623,0.4510535001754761,0.8300653594771242,0.3
21,0.17704303562641144,0.44220611453056335,0.8431372549019608,0.3
22,0.13837447948753834,0.3405149281024933,0.8823529411764706,0.3
23,0.1207372946664691,0.31461820006370544,0.8954248366013072,0.3
24,0.11080087395384908,0.3061768114566803,0.9084967320261438,0.3
25,0.09856550442054868,0.3227289319038391,0.8758169934640523,0.3
